[
    {
        "id": 201,
        "name": "Project Alpha",
        "department": "Engineering",
        "budget": 100000,
        "deadline": "2024-12-31"
    },
    {
        "id": 202,
        "name": "Project Beta",
        "department": "Sales",
        "budget": 75000,
        "deadline": "2024-10-15"
    },
    {
        "id": 203,
        "name": "Project Gamma",
        "department": "Marketing",
        "budget": 60000,
        "deadline": "2024-11-20"
    },
    {
        "id": 204,
        "name": "Project Delta",
        "department": "HR",
        "budget": 50000,
        "deadline": "2024-09-30"
    },
    {
        "id": 205,
        "name": "Project Epsilon",
        "department": "Engineering",
        "budget": 120000,
        "deadline": "2025-01-31"
    },
    {
        "id": 206,
        "name": "Project Zeta",
        "department": "Sales",
        "budget": 80000,
        "deadline": "2024-08-31"
    },
    {
        "id": 207,
        "name": "Project Eta",
        "department": "Marketing",
        "budget": 55000,
        "deadline": "2024-12-15"
    },
    {
        "id": 208,
        "name": "Project Theta",
        "department": "HR",
        "budget": 45000,
        "deadline": "2024-11-10"
    },
    {
        "id": 209,
        "name": "Project Iota",
        "department": "Engineering",
        "budget": 110000,
        "deadline": "2024-10-31"
    },
    {
        "id": 210,
        "name": "Project Kappa",
        "department": "Sales",
        "budget": 90000,
        "deadline": "2024-09-15"
    }
]